Insert Into Patient values('F123456669','元仲辛','花蓮市馬路1號','1990-05-16','A', 'sulfonamides', '03-2220011');
Insert Into Patient values('S202050607','趙簡',  '花蓮市馬路2號','1985-04-29','A', 'penicillin', '03-2288009');
Insert Into Patient values('G209222220','王寬',  '花蓮市馬路3號','1972-12-25','B', 'penicillin ' , '03-2345678');
Insert Into Patient values('S109303333','韋衙內','花蓮市馬路4號','1992-10-05','A','NSAIDs', '03-2221111');
Insert Into Patient values('H120944444','小景',  '花蓮市馬路5號','1976-11-16','O', 'cephalosporin','03-3210321');
Insert Into Patient values('A250944444','薛映',  '花蓮市馬路6號','1988-08-20','B', null, '03-3210321');	

Insert Into Image values ('08561478','F123456669','15264051');
Insert Into Image values ('01234567','S202050607','10054985');
Insert Into Image values ('04562800','G209222220','14000235');
Insert Into Image values ('07152931','S109303333','10045888');
Insert Into Image values ('09444442','H120944444','12680076');
Insert Into Image values ('09478924','A250944444','17456666');

Insert Into Radiology values ('15264051');
Insert Into Radiology values ('10054985');
Insert Into Radiology values ('14000235');
Insert Into Radiology values ('10045888');
Insert Into Radiology values ('12680076');
Insert Into Radiology values ('17456666');

Insert Into Requistion values ('220216','F123456669','123456789');
Insert Into Requistion values ('242225','S202050607','123899456');
Insert Into Requistion values ('785422','G209222220','122056666');
Insert Into Requistion values ('123456','S109303333','124560032');
Insert Into Requistion values ('102643','H120944444','128863333');
Insert Into Requistion values ('300001','A250944444','121666622');

Insert Into Medicalrecord values ('123456789');
Insert Into Medicalrecord values ('123899456');
Insert Into Medicalrecord values ('122056666');
Insert Into Medicalrecord values ('124560032');
Insert Into Medicalrecord values ('128863333');
Insert Into Medicalrecord values ('121666622');
